id,revenue
3001,12364644.77
3002,8523170.558
3003,13783662.31
3004,23699162.01
3005,12675221.75
3006,16760657.99
3007,14417099.72
3008,58823628.84
3009,31820940.02
3010,326155164.7
3011,12491925.11
3012,13531726.44
3013,21259853.68
3014,12187564.06
3015,34235771.23
3016,12564865.9
3017,70836396.63
3018,170146683.2
3019,15112906.13
3020,343559110.7
3021,55477812.03
3022,50727895.37
3023,12744620.89
3024,40076752.94
3025,13081548.23
3026,71684820.34
3027,13222744.4
3028,102196892.8
3029,11844887.98
3030,71950385.84
3031,16849693.19
3032,10376777.48
3033,10499141.04
3034,13089577.54
3035,13005355.27
3036,21134399.9
3037,45105403.51
3038,38140697.48
3039,27702330.12
3040,10926471.81
3041,22874736.39
3042,12444433.82
3043,15699092.68
3044,15595476.58
3045,379128120.7
3046,12712539.67
3047,13981797.57
3048,31799459.88
3049,14384921.37
3050,27376389.41
3051,12830342.14
3052,31629999.99
3053,12739508.4
3054,11667468.44
3055,67441850.45
3056,11616517.81
3057,101464562.4
3058,546956480.2
3059,12893897.7
3060,91767000.35
3061,35662262.52
3062,30392168.17
3063,41702517.43
3064,87744108.81
3065,30213754.74
3066,59061090.46
3067,14335264.94
3068,44002558.88
3069,233912222.2
3070,12603723.41
3071,16501069.83
3072,551209883.7
3073,12758880.91
3074,13420763.88
3075,34857769.68
3076,198156043.6
3077,29256592.2
3078,80016008.7
3079,45747789.43
3080,127340421.9
3081,21546038.17
3082,13736806.46
3083,19732308.66
3084,12664218.65
3085,22968991.37
3086,67259765.44
3087,12525994.2
3088,12762685.42
3089,13146351.12
3090,39786915.68
3091,30347644.48
3092,13658016.59
3093,289594660
3094,74632828.97
3095,49093439.39
3096,12051674.29
3097,534380770.1
3098,20199257.54
3099,67664700.13
3100,14240596.63
3101,14172432.4
3102,15100949.65
3103,13024993.72
3104,12890472.89
3105,104059507.2
3106,125972354.4
3107,34877879.4
3108,21055873.65
3109,13712765.66
3110,354691388.5
3111,14206739.3
3112,13010643.24
3113,18509449.02
3114,24484613.07
3115,21899216.76
3116,14844018.85
3117,12802167.32
3118,13709784.48
3119,262649662.9
3120,211857269.3
3121,13187946.83
3122,16234654.14
3123,19987239.54
3124,14652477.57
3125,12990231.63
3126,33160446.81
3127,13442802.44
3128,36057240.59
3129,110824100.5
3130,15201328.87
3131,13650026.75
3132,12205637.69
3133,25769324.63
3134,14536340
3135,12444551.51
3136,14953313.68
3137,165195663.2
3138,12247581.16
3139,36537839.25
3140,62242290.63
3141,14776767.07
3142,12704772.96
3143,133097626.2
3144,31390718.36
3145,20544336.11
3146,12349699.67
3147,22428122.78
3148,14465184.42
3149,54875688.98
3150,68724780
3151,14972437.95
3152,23864590.16
3153,14442203.54
3154,18253922.97
3155,33470200.74
3156,17851640.53
3157,17601808.04
3158,122231171.7
3159,13879765.32
3160,14882779.46
3161,12933073.25
3162,14692963.43
3163,33623693.06
3164,12853253.27
3165,12511951.65
3166,12863966.17
3167,52658012
3168,13150972.21
3169,24675238.51
3170,22646233.81
3171,22817892.01
3172,48306309.89
3173,12340617.09
3174,13258978.47
3175,14043923.85
3176,35322149.61
3177,76007993.36
3178,14915495.71
3179,14101767.13
3180,13837405.25
3181,12140645.55
3182,195987149.6
3183,25876806.6
3184,22353707.83
3185,77924909.16
3186,37841431.92
3187,16644047.05
3188,24343664.07
3189,67361961.18
3190,19612011.39
3191,22497490.88
3192,12871744.26
3193,287538245.9
3194,113690271.1
3195,12507430.15
3196,13671473.54
3197,51332062.57
3198,103025748.2
3199,284646396.4
3200,17527474.78
3201,16124518.5
3202,12274495.13
3203,12877013.79
3204,12912307.53
3205,13439224.91
3206,19945320.52
3207,60969704.43
3208,19603438.27
3209,12617317.21
3210,418888102.8
3211,12563403.14
3212,63781678.78
3213,61503830.65
3214,16214841.43
3215,11986225.21
3216,20622603.47
3217,349487946.6
3218,14352129.73
3219,13325921.08
3220,165407615.2
3221,16161929.2
3222,12676069.3
3223,15709892.9
3224,13083100.77
3225,13899373.42
3226,16189631.85
3227,97774688.36
3228,93812750.15
3229,143095982.1
3230,27556871.96
3231,28848951.95
3232,75262291.16
3233,15572277.5
3234,14286287.6
3235,16203649.61
3236,11800649.92
3237,34375148.54
3238,17677964.61
3239,11105798.1
3240,309570795.3
3241,12513958.9
3242,13510888.83
3243,13214061.02
3244,13275478.38
3245,15016047.21
3246,30882236.41
3247,26281467.11
3248,54328674.61
3249,32495940.93
3250,348917553.1
3251,10508861.75
3252,19628704.34
3253,36101365.56
3254,10025156.64
3255,13193706.58
3256,38139312.45
3257,22750395.95
3258,18264721.21
3259,37916314.13
3260,13881121.41
3261,410290882.3
3262,37164986.67
3263,13148042.25
3264,13125885.3
3265,13352053.56
3266,11923460.06
3267,25595098.97
3268,12966331.39
3269,46460358.36
3270,56553489.16
3271,13764934.15
3272,23991377.88
3273,23937768.26
3274,387357030.1
3275,23651367.37
3276,13088908.25
3277,16298685.33
3278,98884108.34
3279,23043684.63
3280,288700733.9
3281,13022105.92
3282,9101682.621
3283,356507912.4
3284,38033816.89
3285,42455217.31
3286,12899426.34
3287,13612965.16
3288,23865692.52
3289,42392878.32
3290,105171277.6
3291,36243431.48
3292,232235284.4
3293,68717192.15
3294,18191957.48
3295,11931708.29
3296,8960158.641
3297,14788103.03
3298,67869324.4
3299,13421947.67
3300,34606532.33
3301,13070636.1
3302,15609753.66
3303,14159470.8
3304,16099353.67
3305,30247313.7
3306,11893748.79
3307,44009557.11
3308,15771340.92
3309,12961584.28
3310,14216611.56
3311,9164367.42
3312,15956991.81
3313,72676736.25
3314,14233256.02
3315,101753981.6
3316,25878354.35
3317,13427796.18
3318,12835469.09
3319,12665539.77
3320,21515474.34
3321,10202122.1
3322,12932030.8
3323,117855832.2
3324,10855470.19
3325,74094518.83
3326,186560196.2
3327,47348709.79
3328,31510156.84
3329,16936178.83
3330,115681966.7
3331,14393014.91
3332,43190069.43
3333,181903035.7
3334,13199802.69
3335,39215127.84
3336,18725252.43
3337,12872179.16
3338,20829304.51
3339,12953842.29
3340,90900676
3341,15717104.84
3342,33717557.84
3343,55257524.49
3344,11883520.11
3345,13866597.21
3346,30613296.04
3347,12194892.51
3348,22290335.35
3349,68511962.42
3350,176962416
3351,46890486.86
3352,15110821.44
3353,65363957.09
3354,16245090.23
3355,12896334.51
3356,24309007.77
3357,13212200.11
3358,15296339.82
3359,40627738.39
3360,14825583.2
3361,165075479.1
3362,16978326.21
3363,18253296.77
3364,19587580.95
3365,11917516.48
3366,65416030.99
3367,144752284.6
3368,13274949.3
3369,53759064.35
3370,46924713.24
3371,46768455.47
3372,37287602.15
3373,44813492.83
3374,16534142.39
3375,82045706.23
3376,33381406.9
3377,13982803.95
3378,13541329.16
3379,248673050.3
3380,47644238.6
3381,13670859.8
3382,12525953.34
3383,13414494.95
3384,46192766.66
3385,90193467.84
3386,12855055.5
3387,20089051.43
3388,129459114.5
3389,586776604.9
3390,14490585.24
3391,13790747.99
3392,13907266.51
3393,16881553.56
3394,155672347.6
3395,85601104.81
3396,13508254.6
3397,12691967.95
3398,321342305.5
3399,64449668.41
3400,15706901.29
3401,12238982.78
3402,12603514.28
3403,289037166.4
3404,13988998.77
3405,25547529.6
3406,184503830.5
3407,241155748.9
3408,56115614.01
3409,8303239.066
3410,34963939.75
3411,76277190.37
3412,27358866.27
3413,40774870.08
3414,11494685.67
3415,18029843.55
3416,134574223.6
3417,52152838.99
3418,26838784.64
3419,241789846.8
3420,13316666.63
3421,20809005.82
3422,10892490.4
3423,365921603.3
3424,12575243.21
3425,13908499.74
3426,22388242.32
3427,31679972.33
3428,11201715.61
3429,24427360.42
3430,471436531.1
3431,12541616.85
3432,17110228.59
3433,18861359.4
3434,14891212.16
3435,299041245.8
3436,144374292.3
3437,13246530.47
3438,16644298.57
3439,72527824.56
3440,70555873.19
3441,86137320.99
3442,12719074.37
3443,12310751.91
3444,12556995.73
3445,43615491.54
3446,12766632.71
3447,13294100.49
3448,39707583.72
3449,16832878.57
3450,51029703.2
3451,40739297.86
3452,29184772.81
3453,53553429.43
3454,28073815.13
3455,14662212.63
3456,50054972.28
3457,25876903.85
3458,20530126.98
3459,501964079.1
3460,31597210.28
3461,16325036.68
3462,21627251.16
3463,41134912.85
3464,13046308.73
3465,32852785.91
3466,36108805.81
3467,13491016.81
3468,74946377.86
3469,13864924.81
3470,12912147.71
3471,22517260.88
3472,12046872.19
3473,67432594.68
3474,29878758.44
3475,273704083
3476,12514713.02
3477,37496968.55
3478,12717520.41
3479,254607723.7
3480,15694521.06
3481,12315003.51
3482,11959888.04
3483,13310939.85
3484,12841296.75
3485,82910013.1
3486,151844045.9
3487,44017514.13
3488,54945528.83
3489,12995095.49
3490,37046591.64
3491,17012417.91
3492,12213506.26
3493,47177655.23
3494,13712238.36
3495,51355105.96
3496,12984698.13
3497,73422036.46
3498,11042748.38
3499,16825552.16
3500,12864059.04
3501,104402144.7
3502,39627691
3503,23661422.26
3504,84700247.49
3505,14478441.74
3506,133044589.4
3507,232964808.1
3508,14672050.58
3509,14066316.84
3510,29521399.36
3511,45089111.07
3512,172452694.9
3513,17379442.76
3514,22948100.76
3515,10085735.62
3516,15348543.72
3517,435418463.5
3518,37168413.09
3519,15377078.96
3520,12336354.83
3521,12353449.68
3522,15987018.27
3523,22350256.91
3524,71824825.51
3525,147274458.6
3526,49271725.74
3527,15590894
3528,11022014.66
3529,466923484.8
3530,41842984.6
3531,57588549.84
3532,50303353.66
3533,26419361.32
3534,23670485.21
3535,195442223.9
3536,20250626.97
3537,95160974.23
3538,30318348.37
3539,41038676.84
3540,30983182.99
3541,19105766.57
3542,27857710
3543,12591180.27
3544,34064790.29
3545,12218874.2
3546,13888645.71
3547,189796032
3548,347653437.9
3549,12545449.17
3550,401473964.2
3551,112976631.4
3552,44911841.05
3553,45035838.11
3554,153263780
3555,125216766.4
3556,83247018.57
3557,20610527.95
3558,128566467.3
3559,46909134.55
3560,12500481.61
3561,72376420.21
3562,16970016.89
3563,14509450.97
3564,12893838.08
3565,12335256.54
3566,22201964.75
3567,20518342.77
3568,12395959.71
3569,122693106.1
3570,12677579.16
3571,48893246.47
3572,138146231.7
3573,13104880.39
3574,23652410.37
3575,17569947.28
3576,32798372.81
3577,13431874.65
3578,46074029.34
3579,36732489.13
3580,21559439.39
3581,28848014.18
3582,117608779.6
3583,12683010.56
3584,20358294.12
3585,52605543.86
3586,23704828.86
3587,14067981.26
3588,13785056.41
3589,17684187.6
3590,27537538.04
3591,308769938.9
3592,13017245.58
3593,12634904.82
3594,12057180.72
3595,23973692.68
3596,39668995.5
3597,13277888.04
3598,45205365.72
3599,16165566.33
3600,13413303.08
3601,12629389.44
3602,12811038.65
3603,18604220.73
3604,12060439.52
3605,32251694.39
3606,14587269.78
3607,45894849.05
3608,144758261.7
3609,11138815.91
3610,45891399.06
3611,13030873.92
3612,13544461.61
3613,20260458.46
3614,75187645.13
3615,39047672.26
3616,16204506.16
3617,18680710.86
3618,72710673.89
3619,12798427.37
3620,76916001.59
3621,278026108
3622,235737320.9
3623,92554420.36
3624,11372833.04
3625,12326646.81
3626,35231951.15
3627,51558210.31
3628,332648880.7
3629,17941714.55
3630,10677636.48
3631,97630746.44
3632,15846528.16
3633,58694065.8
3634,12851137.3
3635,14311706.44
3636,28146891.14
3637,14151132.78
3638,24428671.26
3639,116774352.5
3640,430740654.7
3641,19831353.48
3642,13894385.64
3643,24275953.51
3644,18137433.19
3645,23909234.49
3646,22219759.72
3647,49060975.93
3648,11734180.15
3649,16027105.01
3650,24462267.48
3651,446979646.6
3652,13677577.85
3653,148657346.8
3654,18462522.18
3655,28823242.59
3656,15357464.3
3657,12484262.98
3658,12164849.41
3659,65620816.64
3660,334656414.4
3661,21981447.9
3662,34559757.21
3663,366698298.7
3664,12982817.12
3665,12716103.44
3666,14873555.41
3667,87408009.48
3668,40093028.77
3669,11388099.55
3670,43926376.34
3671,13440519.07
3672,13911400.83
3673,168162227.3
3674,21575408.41
3675,356507257
3676,63709185.85
3677,17671552.09
3678,30559676.73
3679,56504957.16
3680,15913382.95
3681,12186181.48
3682,234249027.4
3683,12248406.79
3684,100920762.7
3685,90511715.84
3686,14714819.76
3687,112007906.5
3688,11680020.4
3689,13038229.4
3690,74415471.25
3691,14305444.5
3692,12881244.73
3693,85851902.86
3694,75852547.52
3695,67506145
3696,17074027.65
3697,37310923.03
3698,49216379.8
3699,16634389.18
3700,9210779.762
3701,36996878.63
3702,12615490.04
3703,74409576.61
3704,61585140.75
3705,21875218.87
3706,58663939.13
3707,12290095.01
3708,17167210.7
3709,262774093.2
3710,14975208.79
3711,12674231.04
3712,31148605.48
3713,31758934.95
3714,12779766.96
3715,25043881.7
3716,12597063.08
3717,12581292.78
3718,12571882.78
3719,46585719.7
3720,13224113.42
3721,12630540.51
3722,56719764.56
3723,13638427.33
3724,20939543.55
3725,14883615.26
3726,14130875.94
3727,93391423.65
3728,108209426.6
3729,14954983.35
3730,68273933.78
3731,119063769.6
3732,12710207.52
3733,153335745
3734,344217909.2
3735,21316951.94
3736,17238107.17
3737,13509194.39
3738,11861017.82
3739,16705700.66
3740,18363437.08
3741,18647438.13
3742,68841377.11
3743,23047489.08
3744,108123096.5
3745,55391873.97
3746,145068664.9
3747,12223611.23
3748,18907042.47
3749,13158194.64
3750,13032532.2
3751,20254147.14
3752,11301444.51
3753,15843311.69
3754,39950943.74
3755,72997519.92
3756,21709249.11
3757,281714879.8
3758,103082132.9
3759,13215211.23
3760,139306453.9
3761,54345424.33
3762,266289171.2
3763,22472335.77
3764,40518730.17
3765,13158693.39
3766,18572291.38
3767,16571773.85
3768,19098617.04
3769,12674207.13
3770,15762253.76
3771,42416017.74
3772,14028991.38
3773,32301730.92
3774,15475704.93
3775,205920689.6
3776,78267173.49
3777,11541528.35
3778,12871555.66
3779,14447563.21
3780,13432037.33
3781,29338426.16
3782,13101745.65
3783,35548892.2
3784,13277958.23
3785,342202141
3786,16218210.83
3787,227822801
3788,285281031
3789,13124996.39
3790,12627322.5
3791,17579594.84
3792,12333334.34
3793,13134879.03
3794,9393154.257
3795,314529670.8
3796,17835573.43
3797,20268933.51
3798,25895250.79
3799,13262786.31
3800,11537987.84
3801,50659670.76
3802,12671233.36
3803,13387611.51
3804,13116897.56
3805,13084010.12
3806,41867699.14
3807,12564189.48
3808,13292429.21
3809,27081734.18
3810,16704352.29
3811,14037353.82
3812,14120846.69
3813,11840849.96
3814,13775784.11
3815,223087553.2
3816,75765141.9
3817,192485478
3818,57563696.89
3819,60360843.77
3820,91286228.88
3821,98914448.46
3822,20570881.95
3823,13438555.84
3824,14945113.71
3825,14056540.98
3826,91060227.5
3827,88817910.71
3828,14617252.96
3829,13397531.23
3830,43925738.75
3831,13342585.35
3832,156836990.8
3833,58671355.2
3834,19649766.65
3835,13308816.9
3836,11568294.96
3837,35955639.55
3838,90429582.3
3839,14237248.57
3840,33044703.9
3841,14342230.36
3842,15406801.19
3843,55877111.28
3844,12951461.89
3845,12050714.8
3846,10725586.74
3847,13040956.04
3848,13341332.88
3849,80074978.58
3850,27999382.82
3851,39278393.81
3852,12973538.73
3853,57938642.39
3854,10256603.91
3855,13087829.64
3856,16192344.02
3857,436618787.2
3858,12762494.44
3859,14098681.99
3860,30164598.53
3861,30148339.55
3862,15616883.02
3863,75601577.33
3864,76020399.47
3865,78252865.39
3866,15644880.04
3867,95516085.86
3868,17194033.43
3869,75195952.48
3870,70511248.82
3871,465592448.2
3872,18536170.85
3873,30923121.59
3874,12848282.91
3875,68352457.1
3876,13670880.66
3877,45337801.93
3878,93357345.41
3879,367901613.5
3880,19450316.76
3881,13135726.89
3882,12641403.26
3883,11958121.32
3884,110833474.5
3885,20000100.29
3886,36483442.31
3887,16495660.51
3888,13720804.46
3889,242877741.5
3890,101985582
3891,13439918.62
3892,14320291.77
3893,318656772.5
3894,71931835.42
3895,32830235.48
3896,42123750.13
3897,11867504.2
3898,30425539.85
3899,486465669.3
3900,25804704.75
3901,9634269.739
3902,12885482.09
3903,15311895.56
3904,10808235.18
3905,19155150.22
3906,48611427.21
3907,10232635.17
3908,13136314.84
3909,12861410.41
3910,17889149.55
3911,12496805.43
3912,15892233.22
3913,80342614.33
3914,24882884.13
3915,217830734.7
3916,12015971.14
3917,13829976.99
3918,14430187.36
3919,74043261.24
3920,27456908.57
3921,12600315.47
3922,21533070.96
3923,33948188.32
3924,29099001.24
3925,207829043.2
3926,12270419.18
3927,70527587.61
3928,87486591.54
3929,32270797.03
3930,9420812.451
3931,17494165.61
3932,14247465.53
3933,24117089.92
3934,55874101.88
3935,12103280.55
3936,13065774.59
3937,228646755.5
3938,14226531.29
3939,27951996.8
3940,11163382.54
3941,26275963.91
3942,211169209.2
3943,503237950.6
3944,12997824.38
3945,46763748.18
3946,12510654.43
3947,45385835.47
3948,14555242.73
3949,13809059.75
3950,13924921.92
3951,13780914.65
3952,37811322.18
3953,55871825.39
3954,346567501
3955,15701024.46
3956,51489947.49
3957,14680512.85
3958,14426190.8
3959,14381063.08
3960,12892905.28
3961,43686560.22
3962,14260758.21
3963,21376961
3964,575409329.9
3965,125940138
3966,45803912.05
3967,338435461.3
3968,49245372.18
3969,13168622.4
3970,21983082.71
3971,18588637.42
3972,17271539.34
3973,42440028.04
3974,11598873.36
3975,94922184.29
3976,50564958.3
3977,118495719.9
3978,127105465.4
3979,12918256.14
3980,13231056.3
3981,13219650.88
3982,15001077.97
3983,23773780.55
3984,154614074.6
3985,13899477.77
3986,550934356.9
3987,45589417.42
3988,15855120.45
3989,27643395.81
3990,34252369.07
3991,12826953.32
3992,12601171.61
3993,16562238.73
3994,41228961.1
3995,32433461.95
3996,44968361.64
3997,18749306.83
3998,58350927.04
3999,14173776.99
4000,41561980.81
4001,11270940.36
4002,157269884.3
4003,12473179.64
4004,48734061.99
4005,14193391.97
4006,36049635.43
4007,12837749.78
4008,14640368.47
4009,26221806.88
4010,14551536.32
4011,20330702.05
4012,155676899.5
4013,52654100.11
4014,12636648.27
4015,51155278.8
4016,31408249.77
4017,20525522.69
4018,76716347.18
4019,331166861.3
4020,14660382.22
4021,46630553.2
4022,14556150.63
4023,153994186.4
4024,14520074.59
4025,12281974.4
4026,38801432.25
4027,69538117.49
4028,12714119.62
4029,13131852.1
4030,25256423.11
4031,81452526.62
4032,12593887.61
4033,11270834.13
4034,13181341.88
4035,66950058.62
4036,10919946.78
4037,35913506.02
4038,15188379.42
4039,13717769.87
4040,13597852.51
4041,11609926.4
4042,44110027
4043,11621567.72
4044,68462122.75
4045,78108671.95
4046,19201535.87
4047,513904769.3
4048,17307092.25
4049,11560579.08
4050,13160285.02
4051,422677493.2
4052,22942300.86
4053,12258833.33
4054,11910496.21
4055,18208791.65
4056,16821355.36
4057,13281651.47
4058,23907468.99
4059,12288750.96
4060,44595104.53
4061,89777055.5
4062,35868694.9
4063,20303549.61
4064,388294137.7
4065,88364005.16
4066,13556453.28
4067,31408720.17
4068,13818508.77
4069,17303691.46
4070,19964505.44
4071,13103350.32
4072,13479469.33
4073,91787870.82
4074,14106419.96
4075,19979081.17
4076,34660046.29
4077,327365580
4078,14525872.37
4079,81609362.51
4080,12185015.41
4081,12856583.7
4082,244745998.4
4083,35169785.07
4084,13115390.25
4085,20692696.29
4086,95440603.6
4087,13418695.11
4088,29474541.12
4089,21027832.77
4090,12100281.3
4091,88353829.21
4092,28743199.33
4093,35415042.37
4094,14993358.17
4095,189295543.2
4096,16657006.12
4097,34669846.46
4098,21699498.39
4099,12936834.92
4100,67481795.45
4101,28588410.44
4102,12194739
4103,49016235.93
4104,13887875.35
4105,13180484.27
4106,13154659.91
4107,11277492.77
4108,28970546.79
4109,12814589.64
4110,18833189.78
4111,12350193.15
4112,22703770.96
4113,13042565.67
4114,161023922.7
4115,11363153.09
4116,21939496.22
4117,12604426.52
4118,36213029.81
4119,56891570.02
4120,12551523.7
4121,11710419.45
4122,134967807.5
4123,12688774.8
4124,38232892.09
4125,16747153.06
4126,12669221.45
4127,12493368.59
4128,13612578.92
4129,10835417.69
4130,13934252.89
4131,194043625.4
4132,82397720.38
4133,31417516.52
4134,16320691.86
4135,23956095.28
4136,429020223.4
4137,14814795.02
4138,38645521.59
4139,13966648.6
4140,12165261.94
4141,15166759.31
4142,34109935.34
4143,40200924.98
4144,11974685.16
4145,24825871.06
4146,15016891.99
4147,12549362.66
4148,28134931.71
4149,14307866.21
4150,12396959.7
4151,13116879.28
4152,31343306.16
4153,21774725.11
4154,12781743.07
4155,24353904.38
4156,15567136.11
4157,11543975.83
4158,18241617.83
4159,47035539.51
4160,329959014.5
4161,16538169.37
4162,22296346.1
4163,140424471.5
4164,19716144.43
4165,13345990.1
4166,14292088.18
4167,44854698.19
4168,15074368.19
4169,12543858.84
4170,13510694.04
4171,104035429.4
4172,67235359.35
4173,14594652.25
4174,15365757.14
4175,10298513.15
4176,21753913.92
4177,13143970.71
4178,387145830
4179,13485435.28
4180,117842577.5
4181,23397238.96
4182,12047793.35
4183,67786871.02
4184,18423571.41
4185,12491333.57
4186,218422493.9
4187,21684863.14
4188,23768364.2
4189,10327949.22
4190,13343996.04
4191,12195685.73
4192,12522812.27
4193,276182368.4
4194,87926468.11
4195,14260360.77
4196,16709767.87
4197,18720502.6
4198,13647444.49
4199,13858734.25
4200,53756237.99
4201,60898537.03
4202,63004494.84
4203,20234264.21
4204,62170850.41
4205,13288886.26
4206,29108485.57
4207,376706688.3
4208,413218138.1
4209,44923387.71
4210,67400126.32
4211,27535269.39
4212,559423243.1
4213,10468911.41
4214,20156505.72
4215,14053900.19
4216,12318796.48
4217,12015520.66
4218,34579090.72
4219,19360437.49
4220,25775124.35
4221,12633371.64
4222,14301199.51
4223,59885456.03
4224,14826560.39
4225,28434042
4226,18914760.67
4227,17825192.36
4228,13165960.29
4229,78978607.97
4230,33442905.92
4231,14948500.15
4232,15014153.22
4233,45167257.28
4234,51077470.3
4235,17357289.64
4236,13439012.27
4237,10163788.84
4238,47469779.37
4239,133342503.6
4240,315495192.1
4241,93075232.94
4242,12507293.78
4243,12546673.1
4244,56346929.73
4245,13171414
4246,14643743.99
4247,49082046.88
4248,15290125.79
4249,42010951.29
4250,33785115.75
4251,12299304.35
4252,114492424.7
4253,71509723.53
4254,39434964.21
4255,48889019.46
4256,322802498.6
4257,100193603.8
4258,33311993.17
4259,12687230.81
4260,132262930.6
4261,20567633.75
4262,13048146.11
4263,12101865.97
4264,324959148
4265,14247239.87
4266,14958033.32
4267,75700172.2
4268,16375436.9
4269,15660313.19
4270,390271612.1
4271,41950886.13
4272,13029602.38
4273,14355628.79
4274,34212036.46
4275,16737687.86
4276,20119196.81
4277,54255595.61
4278,14223342.6
4279,36406942.28
4280,12586232.21
4281,12633155.51
4282,19754869.72
4283,13118072.44
4284,11525663.15
4285,13328828.97
4286,381428648.7
4287,26026965.88
4288,48906780.98
4289,70972012.4
4290,58087939.95
4291,14150279.42
4292,13578675.74
4293,19684768.44
4294,108738814.2
4295,110846651.8
4296,39114475.05
4297,19523540.58
4298,12277197.72
4299,14646909.4
4300,62524268.84
4301,13377900.21
4302,14993580.58
4303,14474555.47
4304,24204193.07
4305,31595002.95
4306,31611570.07
4307,12322301.99
4308,13063434.95
4309,47328258.16
4310,12780474.11
4311,12956215.21
4312,31729959.21
4313,79076301.88
4314,14224503.77
4315,103911927.7
4316,264860586.7
4317,12805650.32
4318,31080594.56
4319,12489761.86
4320,14791433.6
4321,39494562.82
4322,12354105.83
4323,11926577.31
4324,14231197.58
4325,12457839.27
4326,14261731.38
4327,80054247.88
4328,15957777.35
4329,13395237.78
4330,497538770.9
4331,39609914.12
4332,50135524.49
4333,12997510.96
4334,105371842.7
4335,74530117.77
4336,38929315.95
4337,12059881.19
4338,251492443.5
4339,98258481.39
4340,24072288.13
4341,19816488.66
4342,16030288.53
4343,25107273.37
4344,12186002.02
4345,12788595.7
4346,42379410.83
4347,64047246.36
4348,12548948.73
4349,220087837.8
4350,13395093.68
4351,171466161.9
4352,8881035.083
4353,111921242.4
4354,42416019.61
4355,28775564.9
4356,13942056.92
4357,155543030.9
4358,18151330.5
4359,22889525.42
4360,47184399.76
4361,73812300.26
4362,14486036.47
4363,50257173.01
4364,73555452.76
4365,12800174.46
4366,37271640.97
4367,32694780.2
4368,90505138.92
4369,22915877.5
4370,50402287.84
4371,49721945.98
4372,26869954.33
4373,14288285.67
4374,28084134.98
4375,12617304.06
4376,12842197.24
4377,16039731.67
4378,22216540.45
4379,131306769.2
4380,64160542.66
4381,104579700.8
4382,372078779.1
4383,218576275.2
4384,28590144.23
4385,13213255.96
4386,110958909.4
4387,43532412.65
4388,35089815.55
4389,311440157.4
4390,10686997.41
4391,12189331.13
4392,97417174.22
4393,34870043.12
4394,35370758.47
4395,14156357.6
4396,37357386.4
4397,22666872.72
4398,172226054.6
4399,12135438.19
4400,14825864.48
4401,19098217.63
4402,24171116.37
4403,29451730.57
4404,39831064.59
4405,23776158.91
4406,12531259.37
4407,12810847.79
4408,13146020.82
4409,13033770.96
4410,16397668.39
4411,21869627.73
4412,69828382.98
4413,74467073.3
4414,12302724.41
4415,14481590.38
4416,12911625.82
4417,142616150.7
4418,13219678.75
4419,33982174.18
4420,298924303.5
4421,11368010.42
4422,15069324.64
4423,13541969.54
4424,12884167.19
4425,145538428.2
4426,89821971.7
4427,39440276.31
4428,12870822.96
4429,11853663.56
4430,12353220.52
4431,13137949.32
4432,155028255.1
4433,295907207.8
4434,362404758.7
4435,18600133.95
4436,21566322.19
4437,13382796.26
4438,12353271.43
4439,17660088.23
4440,13958934.89
4441,42526259.38
4442,12112352.98
4443,13151962.97
4444,12972569.1
4445,11345034.07
4446,12582322.51
4447,67214095.82
4448,24282486.38
4449,12701317.83
4450,129787603.6
4451,390522943.7
4452,25940454.07
4453,13163367.75
4454,13214760.98
4455,12624967.61
4456,77662432.63
4457,11992122.95
4458,10420102.55
4459,28090337.91
4460,14011960.1
4461,86144145
4462,68457853.82
4463,14194556.87
4464,51098679.54
4465,25689418.25
4466,12782314.87
4467,22931711.89
4468,13572824.46
4469,33127909.54
4470,32090915.21
4471,12542482.21
4472,97454636.42
4473,16393003.86
4474,17364518.08
4475,11181199.26
4476,13396100.01
4477,33453687.83
4478,11961446.26
4479,13526693.08
4480,77781991.1
4481,13549306.9
4482,14034366.06
4483,13792714.67
4484,13034689.77
4485,32080476.71
4486,21681320
4487,16988628.88
4488,71126788.4
4489,38872447.52
4490,12892270.52
4491,95362357.74
4492,17094833.35
4493,14187283.59
4494,16346351.23
4495,22244494.01
4496,24083590.57
4497,13297126.08
4498,43268043.99
4499,12428650.93
4500,96095869.17
4501,74123886.96
4502,16128432.34
4503,457137630.4
4504,12832581.35
4505,13347616.59
4506,108874665.7
4507,12401067.11
4508,11509750.6
4509,12836223.78
4510,15171604.97
4511,116306471.6
4512,13474823.61
4513,39431149.76
4514,16095780.03
4515,268250439.7
4516,14215369.23
4517,17662363.16
4518,241082143.4
4519,62865612.83
4520,16286932.03
4521,18338656.26
4522,54615468.3
4523,27356757.54
4524,12625375.09
4525,14907564.98
4526,13677102.77
4527,30378618.09
4528,13835740.18
4529,13413114.3
4530,23049598.11
4531,14439355.75
4532,15964418.02
4533,24929393.43
4534,13586885.62
4535,87736437.9
4536,17247010.67
4537,12392556.25
4538,29826330.8
4539,12706611.45
4540,65690193.75
4541,21549528.56
4542,74089464.96
4543,54887490.59
4544,14041078.26
4545,12733969.65
4546,12241283.78
4547,12616670.07
4548,15358117.29
4549,12718032.88
4550,13096792.67
4551,564570032.1
4552,78867314.91
4553,22164702.39
4554,330300622.8
4555,12427890.33
4556,46594725.58
4557,14041905.95
4558,30358836.35
4559,35810670.51
4560,57473966.61
4561,25677920.59
4562,12207566.09
4563,230094804
4564,12858353.8
4565,12858911.89
4566,30470765.51
4567,91242569.72
4568,13205260.11
4569,28304099.04
4570,23641159.56
4571,11311135.38
4572,28573936.12
4573,44620295.25
4574,12921033.2
4575,13209550.97
4576,24622230.51
4577,14803517.35
4578,35966340.37
4579,14621214.55
4580,35091874.84
4581,12982682.14
4582,46692081.73
4583,167514871.8
4584,15681570.04
4585,94513996.03
4586,15057629.09
4587,13883852.78
4588,168468293.4
4589,13687249.55
4590,267304511
4591,47884205.65
4592,12297320.4
4593,12781966.74
4594,24149783.28
4595,280762907.2
4596,297701108.5
4597,19341974.9
4598,112153519.2
4599,17402510.27
4600,11991172.9
4601,40694709.95
4602,20974967.98
4603,25939530.44
4604,20303229.59
4605,245999802.7
4606,117890965.4
4607,27723708.44
4608,11574430.05
4609,24391893.77
4610,159886806.1
4611,67369791.91
4612,29438527.56
4613,27571073.96
4614,15250854.33
4615,14339096.06
4616,11854845.55
4617,51658548.35
4618,13190540.78
4619,16278165.61
4620,11408507.51
4621,137459511.7
4622,15283996.56
4623,15972463.37
4624,12825098.5
4625,19370756.03
4626,16104568.71
4627,16715850.32
4628,14704680.42
4629,12016282.96
4630,16052760.55
4631,16634511.93
4632,15129278.39
4633,13087663.6
4634,13212182.29
4635,10954993.47
4636,61101569.11
4637,12761077.57
4638,17276567.3
4639,12650688.01
4640,37237304.83
4641,15386589.35
4642,14950824.78
4643,105884105.8
4644,13642672.64
4645,13230342.69
4646,538909470.8
4647,12297355.88
4648,13382063.52
4649,59549770.27
4650,55926572.38
4651,56078336.7
4652,306409780.6
4653,11945276.42
4654,65054566.41
4655,91919665.86
4656,15973130.81
4657,14415864.77
4658,27601841.95
4659,13819391.43
4660,15914064.93
4661,18586250.97
4662,13412830.24
4663,14148429.77
4664,13775839.76
4665,27394593.73
4666,54053808.14
4667,130375467.5
4668,12743404.85
4669,14205042.86
4670,34531464.06
4671,15921410.06
4672,12509557.62
4673,14625485.29
4674,12092162.7
4675,18481342.23
4676,12802795.58
4677,12351178.01
4678,15668562.77
4679,12888063.76
4680,12967098.21
4681,28055452.01
4682,12545950.69
4683,13176477.29
4684,14132393.07
4685,42795374.65
4686,13913013.51
4687,17154326.11
4688,123589332.5
4689,13522094.73
4690,14755562.6
4691,24801775.6
4692,13809023.36
4693,15220793.13
4694,15224141.93
4695,33051733.6
4696,14304811.45
4697,64385563.18
4698,12692704.26
4699,13256758.29
4700,118767897.8
4701,206707100.2
4702,18840268.4
4703,18372411.21
4704,31509415.51
4705,36870973.18
4706,60450729.78
4707,12575839.02
4708,16885980.65
4709,13125734.59
4710,257956607.5
4711,21040846.94
4712,12733439.69
4713,224437521.1
4714,13498732.94
4715,12790858.21
4716,13034269.43
4717,23743504.99
4718,19387873.05
4719,134427147.8
4720,14270869.86
4721,10057656.75
4722,51079040.35
4723,12692398.61
4724,128750990.3
4725,16458834.36
4726,12557373.45
4727,15948806.22
4728,32305580.19
4729,78634710.23
4730,12117411.67
4731,27875995.73
4732,411254964.3
4733,11925380.6
4734,267104827.9
4735,47014889.31
4736,15135191.57
4737,44088163.3
4738,12294534.28
4739,67991418.8
4740,318584914.3
4741,12634056.67
4742,79193938.33
4743,13190179.22
4744,10644307.15
4745,309788224
4746,42525722.17
4747,14890898.34
4748,46950570.73
4749,13244996.05
4750,18055462.79
4751,54320095.86
4752,14119105.52
4753,15780405.25
4754,495203352.7
4755,15806211.36
4756,38102376.6
4757,141800676.3
4758,116157179.2
4759,511459731.4
4760,13265517.53
4761,17811478.84
4762,12835434.92
4763,12123730.51
4764,368674712.9
4765,17189906.95
4766,130183685.5
4767,48662629.72
4768,64931624.95
4769,32610230.28
4770,61224669.73
4771,72471750.97
4772,19416879
4773,20484613.43
4774,14517673.06
4775,12802135.79
4776,12227939.93
4777,265931152.4
4778,72276907.08
4779,15235019.97
4780,180665485.6
4781,12798459.08
4782,33031962.71
4783,17518518.44
4784,16035921.71
4785,26327605.83
4786,71865077.15
4787,71620165.47
4788,80564508.43
4789,15279419.15
4790,64856740.55
4791,22408868.55
4792,14008106.88
4793,19061421.09
4794,13559279.46
4795,15058582.33
4796,12793682.48
4797,507644403.7
4798,62040771.37
4799,28872652.63
4800,28467996.44
4801,12547347.62
4802,24357058.94
4803,12230694.4
4804,13811498.03
4805,12196262.26
4806,14719603.96
4807,13014933.75
4808,13655717.34
4809,87481449.14
4810,13007220.12
4811,13083748.29
4812,60070836.08
4813,76483662.17
4814,12268312.31
4815,23877617.68
4816,28173728.34
4817,11117052.56
4818,42735572.89
4819,13466749.16
4820,71750052.55
4821,12131837.77
4822,13019448.42
4823,14084139.35
4824,39014700.11
4825,62744679.21
4826,14339134.66
4827,54044230.57
4828,28608146.13
4829,37767487
4830,36223059.02
4831,27730324.2
4832,18423994.08
4833,14340656.93
4834,14642167.44
4835,32441532.34
4836,13688153.23
4837,169453179.4
4838,30764844.61
4839,12575537.42
4840,320562612.2
4841,13120973.75
4842,75235909.81
4843,130006398.7
4844,12175417.5
4845,21020488.21
4846,13252311.16
4847,390110635.5
4848,25565900.18
4849,196950265.8
4850,16234305.36
4851,13191486.75
4852,15632571.69
4853,105499270.8
4854,17788897.5
4855,47207138.76
4856,13576958.14
4857,25542075.77
4858,41697886.45
4859,20742198.56
4860,402149072.2
4861,127851809.2
4862,112811671.1
4863,190655990.2
4864,44054909.71
4865,29949607.53
4866,13662624.42
4867,115686786.3
4868,14320481.82
4869,11911828.36
4870,16144318.61
4871,21030602.74
4872,12671008.37
4873,16170340.2
4874,63323712.17
4875,14559713.09
4876,31516160.21
4877,32414490.86
4878,20003319.01
4879,35660227.07
4880,15792075.82
4881,12729731.46
4882,18358624.47
4883,60853973.72
4884,118054456.4
4885,16538362.62
4886,23935031.86
4887,12435598.45
4888,14221052.2
4889,12121782.2
4890,72535301.41
4891,13517476.45
4892,13183845.95
4893,61053589.96
4894,13726371.86
4895,14869788.71
4896,47123001.86
4897,11140587.54
4898,141199585.8
4899,351944484.3
4900,170668350.5
4901,44810872.34
4902,14234178.59
4903,14234490.55
4904,238097709.2
4905,23877398.16
4906,12819537.11
4907,553716730.5
4908,30994333.15
4909,67709285.76
4910,27269463.85
4911,17893997.96
4912,72711564.5
4913,16796904.69
4914,90323757.16
4915,73854036.08
4916,16809619.76
4917,17379725.21
4918,137670881
4919,30760362.44
4920,31494393.15
4921,68313288.27
4922,13926109.07
4923,13766869.64
4924,80218968.85
4925,111787632.5
4926,9895943.925
4927,21292842.31
4928,19388417.4
4929,18258577.38
4930,13954514.96
4931,23919102.2
4932,12726131.66
4933,67824996.27
4934,12917934.32
4935,468951444.1
4936,13755305.53
4937,12165826.28
4938,15625119.76
4939,12910776.83
4940,14174193.38
4941,29836994.98
4942,12580736.77
4943,87125445.51
4944,64885959.57
4945,13160475.19
4946,15195582.96
4947,12324342.47
4948,13148296.97
4949,34942232.07
4950,37581714.5
4951,39740082.96
4952,28794190.05
4953,62509186.5
4954,41655897.5
4955,12881527.1
4956,14508112.39
4957,36502524.61
4958,14465761.13
4959,22545322.16
4960,13632117.43
4961,117075547.2
4962,12861273.3
4963,22071782.11
4964,16414409.95
4965,13347508.77
4966,13251455.4
4967,47696042.75
4968,26602428.59
4969,13410603.6
4970,12677639.23
4971,61239940.04
4972,21997559.22
4973,15665831.62
4974,76999497.53
4975,14586331.36
4976,12973570.28
4977,45638315.65
4978,12742309.15
4979,19945769.85
4980,44864792.15
4981,16837158.21
4982,91501526.75
4983,11919037.22
4984,35897374.37
4985,302003109.9
4986,10614959.81
4987,10642745.16
4988,11665082.73
4989,28844859.58
4990,13238117.8
4991,18357796.41
4992,208445669.1
4993,17186132.91
4994,81525698.76
4995,12256473.82
4996,26275513.62
4997,50764056.79
4998,19743382.62
4999,55432544.05
5000,147217785.3
5001,219274108.5
5002,186013544.6
5003,25017243.54
5004,23243051
5005,27593759.33
5006,377031024.5
5007,30507486.35
5008,286357882.6
5009,20410355.58
5010,13751207.26
5011,13767763.13
5012,79680788.24
5013,18477446.79
5014,29917922.66
5015,22028733.64
5016,81647804.49
5017,22238146.32
5018,21615332.86
5019,63774507.27
5020,17323595.4
5021,12392188.78
5022,25322381.05
5023,13397229.97
5024,75244090.97
5025,12934858.81
5026,142317752.9
5027,41622229.73
5028,52888446.68
5029,64147049.56
5030,16736128.93
5031,10743802.17
5032,155397345.4
5033,12381315.85
5034,11079219.14
5035,13242876.91
5036,20933684.98
5037,51448093.59
5038,309157604.8
5039,12312482
5040,59877798.88
5041,24829711.14
5042,13657803.31
5043,33883185.08
5044,194150327.4
5045,15077090.87
5046,13487577.5
5047,11269079.55
5048,12954923.7
5049,73682485.56
5050,12248530.02
5051,266839052.5
5052,123949531.2
5053,25907112.29
5054,48511443.16
5055,18258854.74
5056,13759394.49
5057,13928751.61
5058,13111783.76
5059,21495423.15
5060,102088117.9
5061,48890145.01
5062,12654704.23
5063,13388603.63
5064,42155413.28
5065,17471043.27
5066,81725129.64
5067,49264206.94
5068,19142678.3
5069,62520651.01
5070,18938403.96
5071,100090778.9
5072,82361574.71
5073,14024583.49
5074,13851604.27
5075,14350739.51
5076,29678198.39
5077,93017123.93
5078,12558473.96
5079,13576763.67
5080,92669112.49
5081,57365289.11
5082,18796129.88
5083,11800777.3
5084,17409239.56
5085,11840715.11
5086,12031868.79
5087,12405183.89
5088,13873144.66
5089,13741081.29
5090,18412925.85
5091,23670771.29
5092,33425976.01
5093,35934268.55
5094,56628659.05
5095,102761392.9
5096,22454035.97
5097,13006527.35
5098,13956596.57
5099,14630834.93
5100,13845679.54
5101,13007856.71
5102,13416706.29
5103,12861394.42
5104,35198491.01
5105,13750727.45
5106,13405678.95
5107,14392051.92
5108,21736290.3
5109,12835149.2
5110,17527498.7
5111,123344925.8
5112,25615596.67
5113,13151693.92
5114,16609181.25
5115,14299583.32
5116,12607681.22
5117,245459894.3
5118,53379047.35
5119,13842077
5120,11909017.72
5121,53240590.66
5122,28392715.62
5123,14205914.29
5124,13143295.53
5125,21319457.39
5126,26605187.97
5127,26257619.66
5128,13291928.64
5129,13618857.79
5130,33755571.75
5131,23065391.95
5132,37007513.53
5133,117034874.7
5134,126064118.6
5135,174584400.1
5136,13625848.23
5137,46253400.98
5138,21446995.54
5139,168024803
5140,130039840
5141,46054573.23
5142,156650015.2
5143,51018634.16
5144,52736702.95
5145,15342054.06
5146,12565731.38
5147,15518358.73
5148,24793140.96
5149,14592428.61
5150,378466721.6
5151,323944494.6
5152,55007924.13
5153,13875981.84
5154,37002271.13
5155,13241884.61
5156,531577188.4
5157,19920545.49
5158,12084585.45
5159,59586525.56
5160,20015327.98
5161,26532096.13
5162,63759253.37
5163,71355080.91
5164,13051361.11
5165,49411628
5166,112874127.3
5167,12339793.27
5168,14276752.81
5169,13248256.69
5170,16328302.68
5171,166340944.2
5172,13523972.36
5173,66421982.15
5174,79834475.37
5175,11794101.73
5176,15869046.59
5177,161315063.2
5178,445972583
5179,12986454.06
5180,16447840.8
5181,13082997.66
5182,42908993.82
5183,12640635.4
5184,17602839
5185,12420490.53
5186,13854425.38
5187,11781805.34
5188,14323073.08
5189,22740031.4
5190,345419579.6
5191,17724145.98
5192,65693425.23
5193,92403706.93
5194,35270720.01
5195,163715135
5196,43261020.3
5197,39771274.41
5198,43051331.17
5199,17676820.41
5200,12778452.99
5201,18934248.3
5202,13572042.65
5203,11868398.66
5204,12282021.34
5205,14244680.11
5206,21351621.88
5207,13149070.68
5208,15832386.26
5209,70707583.23
5210,28621489.38
5211,15273288.85
5212,16126220.78
5213,46048942.59
5214,13299022.82
5215,13524743.82
5216,54037652.07
5217,14459727.41
5218,12081444.76
5219,17309547.22
5220,54483947.53
5221,12443304.97
5222,13125050.28
5223,101616846.2
5224,13129219.64
5225,12692325.42
5226,66415866.66
5227,12449043.73
5228,25887241.69
5229,139658813.5
5230,13016061.03
5231,14000408.54
5232,13088600.42
5233,13106180.6
5234,48297160.9
5235,27262099.9
5236,149821385.1
5237,121635078.5
5238,17563688.15
5239,30877064.82
5240,30745448.48
5241,39122511.25
5242,40825792.41
5243,12286185.23
5244,61100623.21
5245,15013494.86
5246,16710094.96
5247,47669296.24
5248,12966550.1
5249,40029025.23
5250,193134161.5
5251,14080337.16
5252,12708495.34
5253,12034565.76
5254,12565298.09
5255,62335709.88
5256,44733108.98
5257,13607809.13
5258,13334626.62
5259,83801103.51
5260,13094926.22
5261,43216321.36
5262,12872349.79
5263,25862982.04
5264,13214349.47
5265,21819767.25
5266,23100431.5
5267,13296466.19
5268,15157295.17
5269,107132067.9
5270,80524469.81
5271,16087398.37
5272,80512795.3
5273,12532796.4
5274,58698719.98
5275,14842367.73
5276,13916709.22
5277,12287960.98
5278,20778601.69
5279,21308724.91
5280,20517358.58
5281,13799929.7
5282,15579638.5
5283,12295693.24
5284,13212364.98
5285,51980416.57
5286,13636924.87
5287,13589989.38
5288,11687944.59
5289,257904535.7
5290,141662784.3
5291,498988186.1
5292,278566877.9
5293,153064543.2
5294,12673308.2
5295,396002943.9
5296,12218807.61
5297,80305701.21
5298,113632834.3
5299,12856664.09
5300,12844586.74
5301,16936734.95
5302,57914738.35
5303,12823286.44
5304,24107416.16
5305,11729702.52
5306,49454655.08
5307,190437082.5
5308,13139954.64
5309,11650904.98
5310,90792530.81
5311,13002027.39
5312,119726289.5
5313,415837476
5314,67110317.24
5315,12950420.29
5316,25672636.92
5317,14224646.83
5318,12847517.14
5319,32579280.04
5320,21088742.51
5321,33955735.49
5322,13059440.5
5323,113502686.8
5324,22702267.39
5325,13601891
5326,19261602.93
5327,87119259.22
5328,20411498.79
5329,11894621.9
5330,127679268.9
5331,10518851.12
5332,12709393.64
5333,34769420.29
5334,33229533.58
5335,13812240.99
5336,21337180.59
5337,13288632.45
5338,36685057.35
5339,26943140.07
5340,13818050.33
5341,106160918
5342,139825413.8
5343,24055772.84
5344,122850964.6
5345,12948776.76
5346,156585825.5
5347,11955771.89
5348,22931830.26
5349,10392175.44
5350,12784011.98
5351,69607419.58
5352,13205804.26
5353,22688060.3
5354,54330751.29
5355,48678279.66
5356,15571392.27
5357,12570240.29
5358,103104181.6
5359,37199330.85
5360,90385508.27
5361,13736157.25
5362,12004030.58
5363,29389907.53
5364,12420436.96
5365,53406472.69
5366,57450603.68
5367,50447654.14
5368,19253680.16
5369,493305132.2
5370,45934243.63
5371,40449475.31
5372,466448909.6
5373,31065519.94
5374,86438101.24
5375,70444205.2
5376,101145049.9
5377,22027158.94
5378,13088183.79
5379,15613587.89
5380,52088557.27
5381,48105677.64
5382,58896621.66
5383,10619193.5
5384,234234610.3
5385,104052983.6
5386,16927259.38
5387,13128464.95
5388,227252579.1
5389,15855061.01
5390,18256794.55
5391,26656050.12
5392,12971012.47
5393,13150919.57
5394,38166731.04
5395,19471279.37
5396,220490128.9
5397,10997861.96
5398,15985980.21
5399,13017132.04
5400,13213384.34
5401,94868979.65
5402,65163196
5403,54787899.4
5404,12639846.96
5405,92191577.85
5406,12510246.79
5407,239504572.8
5408,449506291.3
5409,99592036.53
5410,12526319.13
5411,26327874.45
5412,12998181.53
5413,12967803.48
5414,60928558.18
5415,53945188.31
5416,23264952.41
5417,86606827.85
5418,11680390.06
5419,12491872.75
5420,38424995.49
5421,24598002.21
5422,91048521.4
5423,199332918.4
5424,137997316.3
5425,26802155.8
5426,24981850.3
5427,13383779.49
5428,13662325.8
5429,57255394.3
5430,158640438.2
5431,37601968.35
5432,63188779.89
5433,20366351.12
5434,42729250.78
5435,13722452.19
5436,26926698.19
5437,40969105.75
5438,15668436.86
5439,12418774.25
5440,49467255.3
5441,14569943.81
5442,135659670.2
5443,72228702.66
5444,44282711.16
5445,42482382.94
5446,54515070.52
5447,17814733.99
5448,12980521.52
5449,49954791.07
5450,14134165.63
5451,19510623.73
5452,12011176.32
5453,190445709.3
5454,94914616.86
5455,17030807.67
5456,11784742.32
5457,35454215.29
5458,13555194.26
5459,14577141.32
5460,12254516.17
5461,13045915.97
5462,10233520.16
5463,499049054.6
5464,12384991.62
5465,25257598.19
5466,48938095.35
5467,56590484.16
5468,100580110.7
5469,11275169.82
5470,237027531.7
5471,106415123.2
5472,59399201.92
5473,20655279.39
5474,29459572.3
5475,29498046.03
5476,14180774.71
5477,14857697.44
5478,42646162.16
5479,68618944.53
5480,16696790
5481,14652489.15
5482,28357873.31
5483,19518298.77
5484,65575998.65
5485,13441504.88
5486,15551853.92
5487,312683822.9
5488,53013254.5
5489,39663631.43
5490,11999567.71
5491,93514270.34
5492,18500655.23
5493,19479223.08
5494,12031777.97
5495,31495269.53
5496,36935322.19
5497,26171779.8
5498,12326546.72
5499,62355075.62
5500,21131984.57
5501,14128977.57
5502,14059532.81
5503,33647459.81
5504,36018129.01
5505,12920423.23
5506,222579762.2
5507,32841708.12
5508,123117741.9
5509,96581520.64
5510,21390390.85
5511,18350864.46
5512,106225228.1
5513,11114353.96
5514,26560776.83
5515,11207626.22
5516,13175878.21
5517,301237710.7
5518,24440318.58
5519,135701790.4
5520,13544534.76
5521,24468646.03
5522,12747086.46
5523,378560017.7
5524,384968431
5525,28985655.08
5526,19470774.35
5527,12861187.23
5528,62391636.1
5529,12246553
5530,284701114.3
5531,12070467.27
5532,15617353.9
5533,73470133.6
5534,316646289.4
5535,13301264.93
5536,12621655.11
5537,15064959.2
5538,16242023.06
5539,191018053
5540,31393753.14
5541,165665803.2
5542,12729101.99
5543,19442726
5544,37962270.8
5545,11873899.92
5546,13728115.19
5547,16855448.21
5548,13679754.24
5549,54171717.17
5550,56660763.12
5551,15605963.62
5552,63555794.17
5553,50565721.67
5554,14414148.13
5555,31476957.04
5556,18163919.45
5557,14438720.56
5558,518633208.3
5559,12635838.31
5560,13805330.87
5561,19189662.8
5562,41390736.91
5563,12870724.79
5564,12837474.44
5565,17725110.63
5566,14510663.29
5567,13806578.22
5568,33856488.44
5569,66518134.07
5570,26320575.43
5571,101744150.6
5572,12875708.18
5573,120854674.1
5574,14656364.7
5575,74935305.03
5576,47089672.02
5577,38441161.92
5578,13618220.81
5579,14515984.92
5580,12876402.5
5581,27734022.45
5582,23833750.13
5583,46345832.41
5584,28260797.88
5585,19080801.84
5586,12008106.92
5587,21568322.03
5588,131138026.9
5589,66119224.02
5590,12387725.9
5591,22523518.57
5592,12613401.47
5593,20414419.6
5594,13875825.09
5595,19417141.84
5596,175889588
5597,12738172.37
5598,27306223.62
5599,17508271.93
5600,13749937.04
5601,31777208.72
5602,87506062.51
5603,17309940.79
5604,18308792.63
5605,160433600.6
5606,71649018.3
5607,42773364.37
5608,57112900.59
5609,16325464.62
5610,33958064.48
5611,50942243.76
5612,405808796.5
5613,16102213.31
5614,21342171.9
5615,54948403.01
5616,14039138.01
5617,272562829.8
5618,30243634.86
5619,78774486.26
5620,15440828.69
5621,51219754.94
5622,23091683.67
5623,32399241.24
5624,430684670.6
5625,12735893.59
5626,14394064.54
5627,80172676.87
5628,37979132.35
5629,267468582.8
5630,14493855.51
5631,68962691.63
5632,66858577.46
5633,23598478.98
5634,18792850.35
5635,65523863.39
5636,12355694.98
5637,13517007.95
5638,60899382.02
5639,14141004.33
5640,12580640
5641,54313017.99
5642,20192341.64
5643,14176022.5
5644,493686994.7
5645,90778496.16
5646,12541109.96
5647,12028531.07
5648,53531650.19
5649,12268266.35
5650,123852619.7
5651,33628985.42
5652,13670058.28
5653,70436523.85
5654,79615829.24
5655,62771829.8
5656,542481575.4
5657,13195751.71
5658,13944655.78
5659,21400130.03
5660,83173637.31
5661,15445590.61
5662,256380148.8
5663,17663372.36
5664,13882587.68
5665,73357219.04
5666,20054543.31
5667,19748914.54
5668,12857656.04
5669,15191039.6
5670,461770894.1
5671,25762295.17
5672,12217312.03
5673,93357650.64
5674,19853211.03
5675,12980449.29
5676,12552877.28
5677,67719288.4
5678,66351977.79
5679,12429443.13
5680,18380621.69
5681,267309163.6
5682,12568979.13
5683,465562412.1
5684,54472052.25
5685,15272285.35
5686,12157890.49
5687,57324470.05
5688,18581706.97
5689,23192401.1
5690,12002392.68
5691,72406570.61
5692,391589989.3
5693,29762971.19
5694,48029710.58
5695,13637568.19
5696,37120085.59
5697,13226602.8
5698,13786612.98
5699,13071390.89
5700,48324387.16
5701,15499461.04
5702,30942738.73
5703,54312933.63
5704,48231255.32
5705,23632398.06
5706,12963252.65
5707,31075618.44
5708,40474558.95
5709,16988068.08
5710,14526884
5711,267248479
5712,124797334.9
5713,14143788.13
5714,14737491.22
5715,10698818.78
5716,12067506.73
5717,18575801.93
5718,17099748.71
5719,34501977.14
5720,21321208.96
5721,70458084.29
5722,10624422.5
5723,32418621.41
5724,13295322.16
5725,12934942.44
5726,56878692.34
5727,189900045.7
5728,13999504.39
5729,230356883.8
5730,15420794.44
5731,12545211.83
5732,13330342.68
5733,10192281.98
5734,27695395.05
5735,13400697.32
5736,56892856.08
5737,48071490.33
5738,122600522
5739,15101161.7
5740,16735491.02
5741,159528060.8
5742,46626115.52
5743,31162242.18
5744,12798917.17
5745,14849451.16
5746,22981302.96
5747,12243449.61
5748,64784448.48
5749,36044722.65
5750,56864543.89
5751,44649520.95
5752,12629621.71
5753,307223308.3
5754,28183058
5755,69763034.45
5756,25338405.16
5757,18679549.82
5758,12687280.5
5759,14252276.12
5760,13091125.79
5761,12606528.77
5762,172303234.5
5763,80038576.2
5764,13290924.87
5765,26694661.86
5766,38216160.21
5767,28307193.72
5768,21333142.02
5769,264129285.2
5770,18930391.75
5771,26559796.19
5772,22039153.83
5773,355479490.4
5774,66705997.83
5775,37892068.08
5776,16639273.55
5777,156453588
5778,135408897.9
5779,340044587.6
5780,12467220.85
5781,70105631.09
5782,32214585.61
5783,50554262.18
5784,12958532.34
5785,48497589.9
5786,14999275.38
5787,170522086.5
5788,12535330.66
5789,31704658.58
5790,78045535.66
5791,61883290.81
5792,13471275.62
5793,13501823.66
5794,54133353.55
5795,62148325.57
5796,13840402.64
5797,41334976.64
5798,12440126.69
5799,273412770.1
5800,12640331.98
5801,7108546.321
5802,12601119.37
5803,13028985.91
5804,372212336.9
5805,19973302.78
5806,16359383.35
5807,36850802.66
5808,52199627.53
5809,26044334.86
5810,13428296.57
5811,12980713.53
5812,76290122.6
5813,69494924.24
5814,12727376
5815,12081201.73
5816,13679699.41
5817,14466889.43
5818,13887575.26
5819,36598887.09
5820,13912052.68
5821,12178784.59
5822,13223038.68
5823,42730429.45
5824,49570162.28
5825,13929161.52
5826,16324247.92
5827,13293688.86
5828,402480516.3
5829,45497549.07
5830,22976121.8
5831,51966768.22
5832,28336568.75
5833,39147224.04
5834,20257878.25
5835,13243570.32
5836,67449625.47
5837,38981898.57
5838,12806660.48
5839,82704208.89
5840,13009868.35
5841,65024030.53
5842,54554058.31
5843,12776201.41
5844,13487017.81
5845,12844708.77
5846,12801544.33
5847,76120995.26
5848,44402497.94
5849,12481978.56
5850,28812469.82
5851,12523290.17
5852,13528537.21
5853,47701136.54
5854,20639869.49
5855,123404901.7
5856,23334437.71
5857,427537779.7
5858,12299352.57
5859,58671140.06
5860,164754340.3
5861,12156217.3
5862,13582415.23
5863,79905994.32
5864,416746938.7
5865,13398288
5866,20080741.95
5867,14080661.57
5868,36465206.15
5869,15330074.51
5870,12599043.02
5871,71634077.24
5872,167112250.6
5873,17808800.63
5874,11800990.52
5875,46578869.29
5876,54080250.49
5877,12388143.63
5878,84880921.18
5879,17872753.96
5880,80092403.24
5881,63872450.28
5882,204251859.9
5883,13342609.44
5884,38033897.11
5885,13547793.75
5886,26024310.96
5887,12925972.27
5888,12586175.87
5889,12696001.27
5890,29479710.31
5891,43989017.66
5892,18722759.55
5893,14019722.59
5894,112832543.6
5895,19782983.5
5896,131157982.6
5897,12629675.3
5898,35669558.81
5899,11695130.74
5900,15984434.54
5901,13178195.78
5902,13301635.51
5903,58126268.97
5904,38866336.36
5905,53844025.54
5906,60842613.72
5907,12821654.65
5908,63572403.28
5909,991814.8553
5910,223559424.9
5911,13165424.03
5912,242399329.6
5913,40738332.05
5914,15312030.22
5915,15622224.38
5916,43472117.41
5917,147126077
5918,78251352.6
5919,50949595.46
5920,11852365.99
5921,41823678.94
5922,16234366.89
5923,16716795.01
5924,12504694.64
5925,351606010.5
5926,9281918.931
5927,11846815.56
5928,61405458.3
5929,11471793.19
5930,51156189.18
5931,38747221.87
5932,12674188.74
5933,18064686.07
5934,143157236.4
5935,180765573.1
5936,74033090.29
5937,12860857.42
5938,13477995.68
5939,18596542.71
5940,114264224.3
5941,13737735.68
5942,52865167.67
5943,14205900.93
5944,27610207.96
5945,14829289.36
5946,12989115.72
5947,12296800.05
5948,96191926.64
5949,13912017.42
5950,209034214.8
5951,41037326.89
5952,12810499.82
5953,113705865.3
5954,22963294.8
5955,36800120.5
5956,47121537.22
5957,21750782.32
5958,114604741.3
5959,17276499.96
5960,11603460.22
5961,13501946.2
5962,12897780.99
5963,47048989.36
5964,54799610.78
5965,43749605.06
5966,22461752
5967,402203682.6
5968,78507519.15
5969,37440622.24
5970,20571595.25
5971,12557419.32
5972,28236317.52
5973,73625539.9
5974,12729062.42
5975,20230261.58
5976,11915293.98
5977,12440271.85
5978,268090365.4
5979,13799888.43
5980,238648064.8
5981,14782217.64
5982,162576620.8
5983,12897381.58
5984,30114172.74
5985,72473489.94
5986,13185454.97
5987,12277085.64
5988,42851307.56
5989,13228399.41
5990,125594001
5991,13165400.84
5992,39810531.6
5993,52574596.29
5994,12072848.53
5995,26906744.22
5996,23901603.82
5997,24688294.48
5998,239940168
5999,10091437.79
6000,15104686.2
6001,12195443.42
6002,11241535
6003,487495886.4
6004,22120153.12
6005,12786803.96
6006,18709356.87
6007,13330742.43
6008,13955472.4
6009,52770533.86
6010,46678274.12
6011,34383837.87
6012,21556245.3
6013,263839776.7
6014,13683713.46
6015,15172558.98
6016,28932284.43
6017,12450783.35
6018,32424769.88
6019,12157236.07
6020,13234072.12
6021,16500608.07
6022,12871224.2
6023,68029281.03
6024,12470060.45
6025,18077877.98
6026,112388263.3
6027,16342415.24
6028,133033188.7
6029,13530650.59
6030,280223570.8
6031,43339646.05
6032,11164579.24
6033,26421403.07
6034,12892333.06
6035,473471293.8
6036,11918659.26
6037,13688144.53
6038,13384371.94
6039,13653785.07
6040,42871357.86
6041,352612589.3
6042,12731394.53
6043,141952949.4
6044,11529248.84
6045,33685158.07
6046,13032199.2
6047,20390833.05
6048,16081733.68
6049,13261767.04
6050,12942461.99
6051,13120640.31
6052,54231078.47
6053,12072946.19
6054,12749749.48
6055,13203496.1
6056,31988104.74
6057,12934566.43
6058,27143532.15
6059,104951683.6
6060,47784009.69
6061,70890526.92
6062,14494463.64
6063,85113437.67
6064,12941640.94
6065,235406412.8
6066,45469171.99
6067,32853018.83
6068,13155397.31
6069,150973930.5
6070,161095799.3
6071,13294498.78
6072,18928687.19
6073,24980866.34
6074,12132313.66
6075,15124021.34
6076,62188329.8
6077,10962522.95
6078,48830269.41
6079,425318654.3
6080,12503592.11
6081,13958395.5
6082,15160859.94
6083,108294534.5
6084,21497361.24
6085,23848323.62
6086,16606580.37
6087,33464849.63
6088,14288014.91
6089,14174269.43
6090,401133828.8
6091,12404595.71
6092,14015668.19
6093,16714675.19
6094,118388504.9
6095,84651975.48
6096,16620050.44
6097,22548082.8
6098,24770474.54
6099,25451474.69
6100,42780801.94
6101,156411222
6102,49306354.45
6103,92849995.01
6104,13211887.65
6105,13317627.96
6106,12707879.75
6107,12768619.67
6108,31650227.91
6109,22033020.17
6110,46078388.75
6111,10846582.73
6112,12130613.15
6113,17481417.61
6114,63072772.2
6115,99846924.08
6116,12980353.01
6117,19000696.43
6118,63941713.38
6119,99216671.71
6120,35773620.81
6121,11958168.57
6122,121290952.2
6123,14088463.84
6124,13574496.57
6125,14592427.97
6126,16962952.09
6127,14071855.92
6128,238607143.8
6129,14764561.16
6130,12586891.24
6131,15122934.67
6132,13253085.49
6133,23224554.14
6134,50635011.71
6135,32836090.93
6136,452563169.7
6137,75204204.75
6138,13473368.22
6139,561886002.5
6140,14675279.39
6141,26614549.14
6142,13012834.26
6143,14021989.63
6144,18269139.03
6145,16729819.61
6146,28102300.39
6147,98460964.03
6148,18972778.6
6149,84839362.64
6150,400488254
6151,19943595.69
6152,267302945.9
6153,12778580.14
6154,12859864.3
6155,78546503.49
6156,12054014.39
6157,19536016.85
6158,62880316.48
6159,18198042.07
6160,24613283.18
6161,27187874.05
6162,14456530.31
6163,13340086.26
6164,14667527.43
6165,35651653.38
6166,29670657.59
6167,18392210.21
6168,20835668.19
6169,46313822.39
6170,12702002.55
6171,13536517.58
6172,13505892.8
6173,16202687.02
6174,53624933.88
6175,20918343.23
6176,16640361.83
6177,63854284.51
6178,12547605.84
6179,204307806
6180,44050743.25
6181,13270118.79
6182,315572859.9
6183,21153405.17
6184,478671264.7
6185,16675831.95
6186,19140914.24
6187,15087413.6
6188,30680674.39
6189,14021695.44
6190,142090989.6
6191,14019255.22
6192,76280697.75
6193,23132617.66
6194,12419636.27
6195,12730302.72
6196,31881511.76
6197,12581148.78
6198,75517793.51
6199,579664984.7
6200,12991089.21
6201,11881867.15
6202,101465179.2
6203,449048444
6204,13372740.86
6205,12567708.09
6206,37265012.75
6207,47772154.73
6208,31400640.05
6209,12714996.21
6210,14001210.24
6211,77160456.02
6212,14498000.15
6213,42414610.55
6214,17044743.53
6215,21803483.11
6216,30093479.01
6217,11630217.63
6218,12719166.71
6219,30626223.87
6220,12192807.5
6221,16200064.01
6222,13443408.94
6223,37245470.13
6224,38054624.18
6225,64405746.48
6226,14817644.21
6227,13461432.96
6228,12133658.33
6229,12733762.29
6230,12564744.15
6231,57514835.07
6232,14325372.25
6233,139977843.6
6234,36727734.98
6235,31868645.61
6236,28400972.32
6237,14375084.51
6238,13906739.5
6239,136129706.3
6240,148891506.1
6241,12720660.19
6242,18650588.51
6243,18831933.89
6244,44632804.32
6245,14630902.58
6246,12766935.74
6247,613545941
6248,14526512.22
6249,14366057.49
6250,34042173.93
6251,77050304.62
6252,28476902.82
6253,16076801.83
6254,146459765.7
6255,13258549.62
6256,18005834
6257,61936816.48
6258,12400460.41
6259,13012829.61
6260,13561968.38
6261,79989708.2
6262,17991232.52
6263,61117508.04
6264,12900373.22
6265,11015010.35
6266,13345684.96
6267,78290342.49
6268,11291851.15
6269,123646516.9
6270,86690172.09
6271,278355629.6
6272,12091917.88
6273,27763082.6
6274,254185798
6275,29951694.8
6276,19853249.12
6277,18364540.89
6278,12331374.9
6279,21805238.61
6280,15592605.01
6281,15147998.12
6282,293227066.6
6283,32015650.25
6284,99476245.12
6285,39427585.93
6286,12058451.15
6287,21740242.72
6288,188990862.6
6289,123055886.3
6290,12991821.23
6291,52792730.38
6292,182247010.2
6293,387872916.1
6294,14351354.38
6295,412515139.4
6296,12888794.5
6297,35855701.8
6298,12314525.56
6299,12859717.76
6300,54048413.39
6301,31053288.85
6302,11746566.67
6303,14555364.73
6304,18954246.11
6305,97500403.53
6306,43620548.17
6307,12547971.04
6308,12539200.15
6309,12862530.18
6310,37640187.37
6311,13068242
6312,12698748.7
6313,37960523.05
6314,37325859.73
6315,13762500.8
6316,30984889.41
6317,168280813.6
6318,37610541.93
6319,42813323.22
6320,12793098.29
6321,109318459.5
6322,22194652.22
6323,29456652.76
6324,12474143.16
6325,23467202.23
6326,14538149.09
6327,19022582.61
6328,61940390.61
6329,14833910.85
6330,12573678.11
6331,87516860.19
6332,13014623.2
6333,19586687.64
6334,13230189.72
6335,64244356.85
6336,207398102.9
6337,50722871.4
6338,12546371.28
6339,25171733.36
6340,12107928.51
6341,12614063.68
6342,13883058.2
6343,43373071.78
6344,46856382.64
6345,11911998.4
6346,124033067.2
6347,76815218.97
6348,14071525.62
6349,40002164.93
6350,12212013.09
6351,137123134.1
6352,78325882.9
6353,8768403.599
6354,12823674.04
6355,12074075.32
6356,13656098.83
6357,11996017.25
6358,12997636.59
6359,12971270.37
6360,13997318.4
6361,172150944.7
6362,15296717.99
6363,16130375.07
6364,13960105.49
6365,93248175.77
6366,15602621.73
6367,14400986.61
6368,31269579.3
6369,14887007.52
6370,138082656.7
6371,10907428.83
6372,42490008.9
6373,14603081.1
6374,14615182.82
6375,114968022
6376,17115944.86
6377,15124063.99
6378,12041276.2
6379,284964800.9
6380,17553224.2
6381,267297365.7
6382,45068420.91
6383,35314959.19
6384,50391508.88
6385,13940027.35
6386,338773668.2
6387,17572920.32
6388,13028186.95
6389,12712725.38
6390,41185225.56
6391,12760257.93
6392,29355994.79
6393,193583902.5
6394,316791608.9
6395,12373663.56
6396,12733673.19
6397,13411104.99
6398,16584062.96
6399,12607320.59
6400,20144685.75
6401,12177558.92
6402,13996336.72
6403,13232083.93
6404,28335676.33
6405,12845508.16
6406,15012877.25
6407,21765477.51
6408,33448570.81
6409,55769076.09
6410,17905377.34
6411,12163619.02
6412,13932668.89
6413,32366958.79
6414,426110590.5
6415,10743920.99
6416,13574540.97
6417,97628906.43
6418,37932599.96
6419,29471987.68
6420,41926808.46
6421,33860556.21
6422,12461662.36
6423,14167675.27
6424,46133470.25
6425,34215839.93
6426,16812222.95
6427,12864075.03
6428,12609071.84
6429,30796213.8
6430,67568247.17
6431,121122453.9
6432,82741081.51
6433,24687299.27
6434,21474849.48
6435,42174268.78
6436,56252869.66
6437,14080956.01
6438,31503784.56
6439,18029447.84
6440,53309335.84
6441,16484836.86
6442,11736095.02
6443,42683992.98
6444,12897129.91
6445,329023912.1
6446,313659659.6
6447,13981815.03
6448,12859741.34
6449,21009673.74
6450,8141037.77
6451,15134749.21
6452,36500070.86
6453,57533597.8
6454,34210725.8
6455,16795719.79
6456,13476764.36
6457,108609081.8
6458,13551225.37
6459,21441705.14
6460,69597817.74
6461,84291413.34
6462,193441586.5
6463,12819012.31
6464,14655985.7
6465,15232820.18
6466,19278339.36
6467,14902265.89
6468,12738728.6
6469,14453728.13
6470,12408068.62
6471,11205698.13
6472,16378890.72
6473,22228753.4
6474,13090994.49
6475,13644812.81
6476,291659038.5
6477,55661789.37
6478,17977488.82
6479,333289562.1
6480,48472833.94
6481,26614035.33
6482,12218170.76
6483,10782450.2
6484,148632347.5
6485,46281282.49
6486,12708236.99
6487,96617503.17
6488,33590935.87
6489,13101636.67
6490,13595930.04
6491,19074363.67
6492,16816583.06
6493,21343946.56
6494,122396689.6
6495,17069714.62
6496,290008626.2
6497,272560926
6498,31454672.61
6499,17825831.39
6500,13209964.93
6501,12639966.18
6502,124221123.3
6503,29440969.63
6504,11696134.62
6505,21886530.79
6506,12004258.47
6507,14489762.7
6508,67144604.75
6509,12710401.83
6510,12287217.36
6511,16774929.39
6512,13608917.97
6513,20987286.69
6514,13416509.18
6515,191950929.9
6516,25564877.73
6517,13539508.42
6518,14081488.08
6519,41981344.26
6520,12450697.39
6521,327914868
6522,37615104.5
6523,30628471.06
6524,30869777.09
6525,72248852.49
6526,343778723.4
6527,12372559.41
6528,10734087.75
6529,15454396.35
6530,67043353.52
6531,13791308.71
6532,13888071.37
6533,12976397.79
6534,372605070.2
6535,14417356.44
6536,27097616.31
6537,69533270.69
6538,38415873.29
6539,131528107.6
6540,89441441.88
6541,107109534.4
6542,25632461.35
6543,12875209.89
6544,22676075.97
6545,28230150.09
6546,315728487.7
6547,12738834.19
6548,41659519.88
6549,60768438.5
6550,27818861.93
6551,59541891.14
6552,16497048.32
6553,13287126.84
6554,29592207.95
6555,15316846.99
6556,43379282
6557,15720373.39
6558,89920797.31
6559,57382961.71
6560,248311789.1
6561,12227157.77
6562,76271647.05
6563,11492196.7
6564,16995717.12
6565,19509482.03
6566,36409600.49
6567,14038396.8
6568,26540654.76
6569,12236933.85
6570,84678286.32
6571,22971697.11
6572,11801432.69
6573,24185149.16
6574,28759037.45
6575,12285729.39
6576,28652778.96
6577,11912541.53
6578,51047484.1
6579,14033754.79
6580,12448684.47
6581,44597367.15
6582,12353541.04
6583,13381438.89
6584,13037908.68
6585,40679422.67
6586,36231375.11
6587,18019349.79
6588,14096871.29
6589,42335139.11
6590,116089908.7
6591,22570244.5
6592,138983717.7
6593,68420283.21
6594,63763594.08
6595,13121021.64
6596,122797157.9
6597,12639114.46
6598,20828429.31
6599,12862019.37
6600,15993082.28
6601,119251948.5
6602,425632238.3
6603,44386826.91
6604,24032877.19
6605,108103530.5
6606,12517243.55
6607,43755665.18
6608,13258500.3
6609,12865329.19
6610,12624280.5
6611,13378757.68
6612,325898101.6
6613,56373196.38
6614,283159570.9
6615,13108381.53
6616,100744414.9
6617,55372436.22
6618,37522923.49
6619,12690941.81
6620,14778680.01
6621,24665167.01
6622,109777680.6
6623,197366028.7
6624,97823106.72
6625,95596309.33
6626,16830358.49
6627,28847929.07
6628,12518763.85
6629,17432205.42
6630,13778586.45
6631,13732522.08
6632,12864323.94
6633,12020431.66
6634,16294974.69
6635,13192213.83
6636,120674543.9
6637,64978338.88
6638,12924412.59
6639,12167650.61
6640,18606231.61
6641,177029988.1
6642,173372255.8
6643,13037362.08
6644,12553717.47
6645,59223524.36
6646,24327573.43
6647,13429741
6648,49709354.48
6649,12820029.21
6650,13931813.25
6651,35852430.55
6652,12224928.34
6653,29610825.49
6654,125909071
6655,25792751.21
6656,15092551.41
6657,52320569.68
6658,9320790.934
6659,12667144.54
6660,12477404.41
6661,12605782.22
6662,21619071.25
6663,336044347.4
6664,13290509.12
6665,11968399.52
6666,16198076.07
6667,105413120.5
6668,16531377.29
6669,13633579.32
6670,12693560.28
6671,20551065.94
6672,15227895.99
6673,56639538.13
6674,291179847.4
6675,98459209.91
6676,13161254.67
6677,12457153.16
6678,13714464.71
6679,306554942.6
6680,31857812.69
6681,308872392.9
6682,18714601.03
6683,24120827.45
6684,11416230.94
6685,16394769.13
6686,14223130.85
6687,70013081.68
6688,27806284.04
6689,41426994.59
6690,226178401.4
6691,12949200.54
6692,442154104.6
6693,39502836.99
6694,54426499.07
6695,23538022.86
6696,103249065.6
6697,12753248.95
6698,16974306.97
6699,264700877.2
6700,152725315
6701,49389580.37
6702,34446496.22
6703,14047094.82
6704,12421587.17
6705,32186133.6
6706,33784719.31
6707,24143952.7
6708,14919139.53
6709,12472549.09
6710,87234099.47
6711,18138008.58
6712,63792121.04
6713,13977853.2
6714,12747683.68
6715,12783206.73
6716,33528137.56
6717,304547625.9
6718,16279481.14
6719,18951968.62
6720,13258669.82
6721,72373635.66
6722,11955663.98
6723,83096423.85
6724,15160302.79
6725,12635466.05
6726,62397186.93
6727,14084175.78
6728,13641622.93
6729,13839250.5
6730,26520536.83
6731,12227877.56
6732,12640039.58
6733,96163593.68
6734,14926660.73
6735,102404922.1
6736,12945049.07
6737,12772342.57
6738,12213454.94
6739,15314809.67
6740,13263620.17
6741,12098928.75
6742,41799953.54
6743,63400371.16
6744,13852544.62
6745,12025493.99
6746,52090495.52
6747,19573874.33
6748,12510131.63
6749,12943057.43
6750,12916253.38
6751,12708242.11
6752,119899159.2
6753,16687427.84
6754,41806803.91
6755,14636983.06
6756,136533350.9
6757,39121823.35
6758,15115230.46
6759,55931934.57
6760,28042396.14
6761,21875011.44
6762,12832220.2
6763,27783168.18
6764,12764711.59
6765,237467856.5
6766,11660770.91
6767,25906674.54
6768,130928029.1
6769,17526129.52
6770,17468253.42
6771,10976128.04
6772,14624783.99
6773,14320914.35
6774,189914674.7
6775,365330390.6
6776,12337685.03
6777,23946958.49
6778,46794528.54
6779,15066536.59
6780,44444809.53
6781,13973310.56
6782,81277197.19
6783,31138880.37
6784,13463466.17
6785,52014588.3
6786,12180950.44
6787,14178359.51
6788,12808701.8
6789,12681681.71
6790,19060027.52
6791,36651469.62
6792,305207018
6793,52742410.79
6794,15585178.36
6795,12476832.07
6796,411412257
6797,20783922.44
6798,35914561.11
6799,13215575.73
6800,127434576
6801,168537341.6
6802,14963906.85
6803,200278554.3
6804,14295907
6805,31153343.32
6806,14986238.94
6807,45472368.3
6808,12606280.18
6809,30472844.6
6810,13918156.8
6811,43404659.52
6812,19879280.52
6813,92654287.3
6814,12767862.19
6815,15445561.74
6816,12903985.2
6817,13090906.56
6818,13267418.61
6819,39484392.43
6820,43289984.34
6821,18306743.11
6822,24215739.3
6823,23576806.63
6824,164019881.7
6825,13103096.28
6826,17222842.19
6827,13042500.43
6828,13430427.37
6829,11206502.3
6830,14171939.66
6831,44412845.75
6832,26473341.54
6833,22174841.6
6834,13667810.07
6835,104648254.5
6836,13515411.64
6837,97720509.15
6838,13268654.54
6839,14364042.75
6840,22524851.45
6841,18070847.19
6842,17651998.4
6843,13624860.48
6844,53897746.5
6845,19346206.7
6846,35292991.93
6847,14721799.44
6848,19164730.12
6849,17635964.55
6850,70235994.75
6851,118462505.5
6852,14879215.1
6853,13852847.28
6854,27143458.06
6855,34784777.39
6856,11588375.55
6857,57714988.81
6858,13011206.77
6859,52264702.12
6860,18988826.43
6861,28780742.69
6862,33646996.09
6863,268694442.4
6864,12511440.07
6865,12304007.05
6866,84448121.19
6867,20223919.23
6868,556491787.8
6869,28528877.47
6870,12696939.8
6871,38912113.18
6872,12612559.73
6873,12845360.45
6874,33531550.1
6875,13887623.02
6876,31717889.27
6877,24221479.69
6878,12876087.78
6879,15367891.07
6880,11915877.38
6881,11304192.45
6882,94371730.98
6883,39595691.04
6884,17656895.47
6885,12656941.93
6886,11043985.26
6887,20255164.69
6888,49877877.35
6889,11080582.14
6890,16078784.54
6891,47045495.41
6892,68420207.95
6893,159083767.8
6894,30486330.28
6895,13104232.83
6896,12530364.44
6897,13022400.47
6898,26079918.32
6899,16614354.33
6900,42102956.44
6901,40513507.53
6902,12344892.14
6903,24568263.34
6904,87480637.99
6905,37284228.74
6906,159832965.4
6907,20139439.01
6908,14512447.96
6909,13155412.61
6910,14710893.89
6911,17309788.69
6912,19962817.62
6913,498857744.3
6914,265772509.6
6915,10467735.57
6916,21628304.8
6917,554265501.6
6918,76468440.91
6919,13164137.97
6920,82889497.55
6921,226511310.9
6922,16256708.61
6923,12839267.38
6924,23994433.17
6925,17865819.26
6926,15149174.7
6927,10970644.65
6928,35974338.5
6929,73228717.72
6930,197915665.6
6931,21779039.52
6932,12836104.21
6933,12952919.39
6934,78861638.21
6935,12952746.39
6936,25661888.01
6937,195960320.9
6938,12662985.1
6939,16230042.64
6940,148599508.2
6941,53893198.67
6942,16313981.6
6943,12849902.5
6944,107016266.7
6945,12461421.64
6946,62383014.25
6947,13248112.9
6948,16128081.89
6949,46487204.48
6950,386182085
6951,12558190.87
6952,18046807.09
6953,39070412.97
6954,13192535.36
6955,43275644.79
6956,14055552.1
6957,14679948.68
6958,12264385.12
6959,12971452.83
6960,29348034.12
6961,23247166.58
6962,116863730.2
6963,20968699.56
6964,24299448.31
6965,13745420.48
6966,51172927.13
6967,120724822.8
6968,13801877.31
6969,12959766.87
6970,21362182.6
6971,89639244.77
6972,12199985.31
6973,32554784.25
6974,42602101.34
6975,13934294.32
6976,20389344.44
6977,12571016.23
6978,13413173.88
6979,42808418.16
6980,27224863.02
6981,12552376.41
6982,44729772.81
6983,12797264.03
6984,83422713.22
6985,281527863.1
6986,30739343.96
6987,12373305.73
6988,13703517.4
6989,10982875.8
6990,268267716.1
6991,12856915.11
6992,12729190.36
6993,12237600.31
6994,12323742.51
6995,33123097.1
6996,69372365.66
6997,12400507.28
6998,13824022.78
6999,102403313.4
7000,12844329.06
7001,12841578.4
7002,13181101.41
7003,16992374.64
7004,19625044.61
7005,12499620.08
7006,12735446.43
7007,16051841.34
7008,101035774.2
7009,14651422.37
7010,23154726.38
7011,10739103.9
7012,12998338.31
7013,13340280.2
7014,12036106.54
7015,130880748.2
7016,277229811.8
7017,12869792.48
7018,13693493.81
7019,59395313.11
7020,50277329.29
7021,38140475.66
7022,23965543.88
7023,38177567.08
7024,14477979.78
7025,13193454.37
7026,262785916.8
7027,82280020.84
7028,12989963.33
7029,31092121.71
7030,40471174.4
7031,65344196.08
7032,17722941.98
7033,10835437.84
7034,8722319.875
7035,15901711.46
7036,14127498.8
7037,13954535
7038,9195894.607
7039,48902018.52
7040,23953925.57
7041,33646774.8
7042,61626090.87
7043,13094076.37
7044,25627926.92
7045,23439426.87
7046,61237056.99
7047,218145501.6
7048,13981987.81
7049,57242578.77
7050,13137619.34
7051,11848076.7
7052,49174471.12
7053,11748220.79
7054,43842438.1
7055,105804025
7056,310311409.1
7057,13636797.05
7058,12501211.98
7059,26209813.28
7060,18909801.66
7061,17579917.33
7062,35419847.92
7063,12725553.23
7064,146033627.8
7065,33693361.73
7066,12708386.06
7067,12614260.88
7068,29602213.22
7069,10685932.27
7070,103863664.9
7071,138656224.3
7072,12822887.22
7073,25602063.72
7074,14879881.71
7075,36900380.3
7076,59227346.95
7077,20775058.36
7078,52842005.04
7079,12816194.5
7080,11579332.47
7081,20805003.25
7082,13276084.35
7083,12489519.57
7084,26644135.99
7085,19536740.75
7086,23123830.14
7087,155867843.2
7088,64977724.54
7089,14262932.98
7090,14640864.53
7091,13602224.54
7092,215567393.6
7093,36484370.47
7094,38919500.4
7095,14103430.97
7096,58911810.23
7097,69805315.49
7098,23476230.73
7099,65352055.84
7100,19179783.56
7101,35848579.69
7102,12779081.96
7103,13262682.58
7104,14250560.03
7105,58117011.6
7106,26113461.13
7107,50241224.17
7108,13506453.1
7109,28728646.98
7110,12767085.7
7111,12501154.59
7112,100991299.2
7113,89720751.42
7114,20434531
7115,14079841.87
7116,13834973.43
7117,12718477.29
7118,18814462.48
7119,22350390.61
7120,12359710.96
7121,21615602.14
7122,12474292.11
7123,12776400.68
7124,368277103.8
7125,107925817.3
7126,369214331.4
7127,72732335.38
7128,18044929.11
7129,12110037.01
7130,14233344.61
7131,10784051.64
7132,14691381.12
7133,120817871.1
7134,51211909.12
7135,107723487.3
7136,28498510.18
7137,28822848.98
7138,16214585.1
7139,12996438.47
7140,187798171.1
7141,12500292.54
7142,28879522.6
7143,51903084.92
7144,12307321.27
7145,50872139.54
7146,10718848.86
7147,45652288.88
7148,26423025.94
7149,13837894.26
7150,13201443.66
7151,15847213.6
7152,75640521.82
7153,14073192.18
7154,31043790.41
7155,272919164.6
7156,11580587.77
7157,50889044.2
7158,12994092.39
7159,12137619.72
7160,12636845.96
7161,50176477.31
7162,338944167.5
7163,19946394.08
7164,12876234.04
7165,182750614.3
7166,23288351.89
7167,10065395.88
7168,13040856.1
7169,12766710.66
7170,15390338.84
7171,18401273.15
7172,14560841.85
7173,13549570.96
7174,10745185.35
7175,12550075.85
7176,18394003.66
7177,83155715.49
7178,49683160.86
7179,131932461.7
7180,12853837.95
7181,13600277.27
7182,53851661.49
7183,12555031.8
7184,398613828.6
7185,14309264.41
7186,29586001.21
7187,60851054.2
7188,45088790.82
7189,17191521.66
7190,14335113.51
7191,12926677.42
7192,22309477.02
7193,13620166.51
7194,198823053.8
7195,32216046.93
7196,24741317.72
7197,16513449.97
7198,14110405.11
7199,14950170.38
7200,88268694.7
7201,12788174.53
7202,24067769.77
7203,12583143.49
7204,54309657.41
7205,275054684.7
7206,63879855.44
7207,394632354.7
7208,29077981.95
7209,14406038.78
7210,11759729.5
7211,13097313.2
7212,31153689.59
7213,24712396.8
7214,118395816.6
7215,108387926.4
7216,125708698.1
7217,12605614.71
7218,33897938
7219,21469848.39
7220,44816460.19
7221,24005874.2
7222,74393622.47
7223,12954825.62
7224,15012108.64
7225,12668017.12
7226,31708495.48
7227,76415146.36
7228,28526470.93
7229,35570685.04
7230,12260282.07
7231,21674138.88
7232,311832327.3
7233,270806528.7
7234,214629412.6
7235,35871746.88
7236,90244864.19
7237,21285193.51
7238,12742062.9
7239,545503881.1
7240,64342313.51
7241,82784946.88
7242,21644087.49
7243,18086315.51
7244,27824205.7
7245,11992976.48
7246,12984561.33
7247,41024861.12
7248,68995348.99
7249,12453683.79
7250,12608637.91
7251,35727025.79
7252,17192650.2
7253,18651006.03
7254,95460543.98
7255,12683383.26
7256,14589593.85
7257,22721587.34
7258,46358505.92
7259,16807375.51
7260,13029314.27
7261,455469040.6
7262,13087872.35
7263,42357265.22
7264,14682663.48
7265,15338040.66
7266,35326744.32
7267,12667538.58
7268,13551594.14
7269,74268729.67
7270,192937346.2
7271,12608983.4
7272,24695448.2
7273,14379710.87
7274,15440720.61
7275,24551659.21
7276,12441781.35
7277,137578489.8
7278,418273105.1
7279,99037683.51
7280,85724908.48
7281,27287568.86
7282,64326829.77
7283,189869036.4
7284,12786084.71
7285,55452075.19
7286,133220217.9
7287,15250859.62
7288,15438578.13
7289,68852510.2
7290,26832604.14
7291,21588144.52
7292,12847635.83
7293,20523506.61
7294,16501354.57
7295,51894044.9
7296,12740801.55
7297,21731081.19
7298,14615194.96
7299,12493536.55
7300,14250141.62
7301,30767762.1
7302,12478288.13
7303,12489569.49
7304,16384213.4
7305,12203749.7
7306,328311948.6
7307,12694982.4
7308,12088836.5
7309,20122249.1
7310,14029540.13
7311,17314601.02
7312,101738145.9
7313,203303218.1
7314,11353423.81
7315,13262355.86
7316,14028115.34
7317,18594612.22
7318,104175974.9
7319,16169307.28
7320,168799628.4
7321,13882939.34
7322,15877411.02
7323,31037566.19
7324,19119146.39
7325,227821228.5
7326,211447099.9
7327,13980298.67
7328,66497266
7329,138656984.5
7330,257887778.2
7331,58170611.15
7332,38199058.95
7333,97185771.23
7334,15248325.82
7335,46213656.17
7336,45592772.42
7337,13848882.09
7338,50606368.18
7339,57465948.26
7340,11896792.81
7341,13411649.45
7342,97062932.44
7343,15663239.91
7344,12653338.64
7345,13117034.07
7346,13358524.47
7347,16220162.11
7348,14151102.08
7349,77224929.5
7350,22272336.61
7351,37346515.56
7352,12782474.45
7353,12708515.08
7354,12899723.31
7355,37099186.34
7356,39593938.44
7357,11563350.51
7358,13639498.15
7359,104479451.3
7360,28681119.62
7361,13377032.81
7362,153289174.4
7363,607429589.2
7364,12961387.5
7365,41981443.97
7366,49226325.21
7367,12502466.29
7368,14757495.38
7369,43849021.04
7370,64346005.39
7371,12581609.66
7372,78274392.07
7373,405103084.1
7374,15795561.81
7375,57235579.23
7376,12649300.62
7377,17214549.82
7378,75491188.55
7379,65746964.56
7380,14241133.2
7381,12553732.43
7382,89440830.75
7383,12525286.58
7384,31704509.49
7385,37062869.94
7386,24524950.49
7387,12643978.43
7388,14167423.24
7389,11004391.61
7390,11453746.31
7391,13115384.2
7392,23944004.45
7393,472116249.6
7394,67533211.81
7395,28722950.92
7396,38993980.61
7397,37273938.78
7398,16470238.16
